{"model":{"version":3,"nodes":[{"name":"RootNode","position":[0,0,0],"rotation":[0,0,0],"scale":[0.001,0.001,0.001],"scaleCompensation":false},{"name":"bracket cover","position":[0,-98.5235,-30.6934],"rotation":[7.62939e-06,0,0],"scale":[1,1,1],"scaleCompensation":false}],"parents":[-1,0],"skins":[],"morphs":[],"vertices":[{"position":{"type":"float32","components":3,"data":[-238.825,83.95,-1.75,238.825,83.95,-1.75,-5.82457,-84.8,-1.75,5.82457,-84.8,-1.75,238.825,-83.95,-1.75,-238.825,-83.95,-1.75,7.38342,-85.7,-1.75,-7.38342,-85.7,-1.75,234.125,-88.65,-1.75,-234.125,-88.65,-1.75,9.0866,-88.65,-1.75,-9.0866,-88.65,-1.75,234.125,88.65,-1.75,238.192,86.3055,-1.75,-234.125,88.65,-1.75,-238.209,86.2766,-1.75,-238.197,-86.2975,-1.75,238.209,-86.2766,-1.75,236.472,-88.0218,-1.75,-236.472,88.0218,-1.75,-236.452,-88.0338,-1.75,236.48,88.0171,-1.75,-5.82457,-85.1,1.75,239.125,83.95,1.75,-239.125,83.95,1.75,5.82457,-85.1,1.75,239.125,-83.95,1.75,-239.125,-83.95,1.75,7.12361,-85.85,1.75,-7.12361,-85.85,1.75,234.125,-88.95,1.75,-234.125,-88.95,1.75,-9.0866,-88.95,1.75,9.0866,-88.95,1.75,238.452,86.4558,1.75,234.125,88.95,1.75,-238.457,86.4473,1.75,-234.125,88.95,1.75,238.457,-86.4473,1.75,-238.469,-86.4251,1.75,8.82679,-88.8,1.75,-8.82679,-88.8,1.75,-236.622,-88.2817,1.75,236.6,-88.2944,1.75,-236.6,88.2944,1.75,236.631,88.2767,1.75,-8.82679,-88.8,-1.45,-9.0866,-88.95,-1.45,9.0866,-88.95,-1.45,8.82679,-88.8,-1.45,234.125,-88.95,-1.45,9.0866,-88.95,-1.45,234.125,-88.95,-1.45,234.125,-88.95,1.75,9.0866,-88.95,1.75,-234.125,-88.95,-1.45,-9.0866,-88.95,-1.45,-9.0866,-88.95,1.75,-234.125,-88.95,1.75,8.82679,-88.8,1.75,8.82679,-88.8,-1.45,7.12361,-85.85,-1.45,8.82679,-88.8,-1.45,8.82679,-88.8,1.75,7.12361,-85.85,1.75,7.12361,-85.85,-1.45,5.82457,-85.1,-1.45,-5.82457,-85.1,-1.45,-7.12361,-85.85,-1.45,-7.12361,-85.85,-1.45,-7.12361,-85.85,1.75,-8.82679,-88.8,1.75,-8.82679,-88.8,-1.45,-8.82679,-88.8,-1.45,-8.82679,-88.8,1.75,-234.125,-88.95,-1.45,-236.6,-88.2944,-1.45,-238.457,-86.4473,-1.45,-239.125,-83.95,-1.45,-239.125,83.95,-1.45,-238.469,86.425,-1.45,-236.622,88.2817,-1.45,-234.125,88.95,-1.45,234.125,88.95,-1.45,238.451,86.4569,-1.45,236.632,88.2761,-1.45,239.125,83.95,-1.45,239.125,-83.95,-1.45,238.469,-86.4251,-1.45,236.622,-88.2817,-1.45,236.622,-88.2817,-1.45,236.6,-88.2944,1.75,238.469,-86.4251,-1.45,238.457,-86.4473,1.75,239.125,-83.95,1.75,238.457,-86.4473,1.75,238.469,-86.4251,-1.45,239.125,-83.95,-1.45,239.125,83.95,-1.45,239.125,83.95,1.75,236.631,88.2767,1.75,238.452,86.4558,1.75,238.451,86.4569,-1.45,236.632,88.2761,-1.45,238.451,86.4569,-1.45,238.452,86.4558,1.75,234.125,88.95,-1.45,234.125,88.95,1.75,-234.125,88.95,1.75,-234.125,88.95,-1.45,-236.622,88.2817,-1.45,-236.6,88.2944,1.75,-238.469,86.425,-1.45,-238.457,86.4473,1.75,-239.125,83.95,1.75,-238.457,86.4473,1.75,-238.469,86.425,-1.45,-239.125,83.95,-1.45,-239.125,-83.95,1.75,-239.125,-83.95,-1.45,-238.457,-86.4473,-1.45,-238.469,-86.4251,1.75,-238.457,-86.4473,-1.45,-236.6,-88.2944,-1.45,-236.622,-88.2817,1.75,-238.469,-86.4251,1.75,-5.82457,-85.1,-1.45,-5.82457,-85.1,1.75,-7.12361,-85.85,1.75,-7.12361,-85.85,-1.45,-5.82457,-85.1,1.75,5.82457,-85.1,-1.45,5.82457,-85.1,1.75,7.12361,-85.85,-1.45,7.12361,-85.85,1.75]},"normal":{"type":"float32","components":3,"data":[0,0,-1,0,0,-1,0,0,-1,0,0,-1,0,0,-1,0,0,-1,0,0,-1,0,0,-1,0,0,-1,0,0,-1,0,0,-1,0,0,-1,0,0,-1,0,0,-1,0,0,-1,0,0,-1,0,0,-1,0,0,-1,0,0,-1,0,0,-1,0,0,-1,0,0,-1,0,0,1,0,0,1,0,0,1,0,0,1,0,0,1,0,0,1,0,0,1,0,0,1,0,0,1,0,0,1,0,0,1,0,0,1,0,0,1,0,0,1,0,0,1,0,0,1,0,0,1,0,0,1,0,0,1,0,0,1,0,0,1,0,0,1,0,0,1,0,0,1,0.866025,-0.5,-6.12323e-17,0,-1,0,0,-1,-6.12323e-17,-0.866025,-0.5,0,0,-1,-6.12323e-17,0,-1,-6.12323e-17,0,-1,-6.12323e-17,0,-1,0,0,-1,0,0,-1,0,0,-1,0,0,-1,0,0,-1,0,-0.866025,-0.5,0,-0.866025,-0.5,0,-0.866025,-0.5,0,-0.866025,-0.5,0,-0.866025,-0.5,0,-0.866025,-0.5,0,-0.866025,-0.5,0,-7.32962e-12,-1,-1.22465e-16,0,-1,-6.12323e-17,0.866025,-0.5,-2.34143e-14,0.866025,-0.5,-2.34143e-14,0.866025,-0.5,0,0.866025,-0.5,0,0.866025,-0.5,-6.12323e-17,0.866025,-0.5,-6.12323e-17,0.866025,-0.5,0,0,-1,0,-0.495012,-0.868886,-2.44929e-16,-0.866338,-0.499459,-2.44929e-16,-1,-1.83742e-15,-2.44929e-16,-1,0,-6.12323e-17,-0.868886,0.495012,-2.44929e-16,-0.499459,0.866338,-2.44929e-16,-1.83742e-15,1,-2.44929e-16,0,1,-6.12323e-17,0.865231,0.501374,-2.44929e-16,0.501374,0.865231,-2.44929e-16,1,-8.27116e-16,-2.44929e-16,1,0,-6.12323e-17,0.868886,-0.495012,-2.44929e-16,0.499459,-0.866338,-2.44929e-16,0.499459,-0.866338,-2.44929e-16,0.495012,-0.868886,0,0.868886,-0.495012,-2.44929e-16,0.866338,-0.499459,0,1,-6.12323e-17,0,0.866338,-0.499459,0,0.868886,-0.495012,-2.44929e-16,1,0,-6.12323e-17,1,-8.27116e-16,-2.44929e-16,1,0,0,0.501165,0.865352,0,0.865352,0.501165,0,0.865231,0.501374,-2.44929e-16,0.501374,0.865231,-2.44929e-16,0.865231,0.501374,-2.44929e-16,0.865352,0.501165,0,0,1,-6.12323e-17,6.12323e-17,1,0,0,1,0,-1.83742e-15,1,-2.44929e-16,-0.499459,0.866338,-2.44929e-16,-0.495012,0.868886,0,-0.868886,0.495012,-2.44929e-16,-0.866338,0.499459,0,-1,6.12323e-17,0,-0.866338,0.499459,0,-0.868886,0.495012,-2.44929e-16,-1,0,-6.12323e-17,-1,0,0,-1,-1.83742e-15,-2.44929e-16,-0.866338,-0.499459,-2.44929e-16,-0.868886,-0.495012,0,-0.866338,-0.499459,-2.44929e-16,-0.495012,-0.868886,-2.44929e-16,-0.499459,-0.866338,0,-0.868886,-0.495012,0,0,-1,-6.12323e-17,7.33339e-12,-1,0,0.866025,-0.5,0,0.866025,-0.5,-2.34143e-14,0,-1,0,-7.32962e-12,-1,-1.22465e-16,0,-1,0,-0.866025,-0.5,0,-0.866025,-0.5,0]},"texCoord0":{"type":"float32","components":2,"data":[0.64931,1.40086,0.35069,1.40086,0.503641,0.919185,0.496359,0.919185,0.350691,0.921611,0.64931,0.921611,0.495384,0.916616,0.504616,0.916616,0.353629,0.908195,0.646371,0.908195,0.494319,0.908195,0.505681,0.908195,0.353629,1.41428,0.351086,1.40759,0.646371,1.41428,0.648924,1.40751,0.648917,0.91491,0.351076,0.91497,0.352161,0.909988,0.647839,1.41249,0.647826,0.909954,0.352156,1.41247,0.496359,0.918328,0.649497,1.40086,0.350503,1.40086,0.503641,0.918328,0.649497,0.921611,0.350503,0.921611,0.504454,0.916188,0.495546,0.916188,0.646371,0.907339,0.353629,0.907339,0.494319,0.907339,0.505681,0.907339,0.649076,1.40802,0.646371,1.41514,0.350921,1.40799,0.353629,1.41514,0.649079,0.914482,0.350913,0.914546,0.505518,0.907767,0.494482,0.907767,0.352068,0.909247,0.647918,0.90921,0.352082,1.41326,0.647938,1.41321,0.505518,0.907767,0.505681,0.907339,0.494319,0.907339,0.494482,0.907767,0.353629,0.907339,0.505681,1.3479,0.646371,1.3479,0.646371,1.3575,0.505681,1.3575,0.353629,1.3479,0.494319,1.3479,0.494319,1.3575,0.353629,1.3575,0.505518,1.3575,0.505518,1.3479,0.694604,1.3479,0.697411,1.3479,0.697411,1.3575,0.694604,1.3575,0.495546,0.916188,0.496359,0.918328,0.503641,0.918328,0.504454,0.916188,0.305396,1.3479,0.305396,1.3575,0.302589,1.3575,0.302589,1.3479,0.494482,1.3479,0.494482,1.3575,0.646371,0.907339,0.647919,0.90921,0.649079,0.914483,0.649497,0.921611,0.649497,1.40086,0.649087,1.40793,0.647932,1.41323,0.646371,1.41514,0.353629,1.41514,0.350924,1.40802,0.352062,1.41321,0.350503,1.40086,0.350503,0.921611,0.350913,0.914546,0.352068,0.909246,0.647932,1.3479,0.647918,1.3575,0.649087,1.3479,0.649079,1.3575,0.307204,1.3575,0.304827,1.3575,0.304849,1.3479,0.307204,1.3479,0.466955,1.3479,0.466955,1.3575,0.352062,1.3575,0.350924,1.3575,0.350924,1.3479,0.352062,1.3479,0.46934,1.3479,0.469339,1.3575,0.353629,1.3479,0.353629,1.3575,0.646371,1.3575,0.646371,1.3479,0.647932,1.3479,0.647918,1.3575,0.649087,1.3479,0.649079,1.3575,0.533045,1.3575,0.530669,1.3575,0.53069,1.3479,0.533045,1.3479,0.692796,1.3575,0.692796,1.3479,0.695172,1.3479,0.695151,1.3575,0.350921,1.3479,0.352081,1.3479,0.352068,1.3575,0.350913,1.3575,0.496359,1.3479,0.496359,1.3575,0.495546,1.3575,0.495546,1.3479,0.496359,1.3575,0.503641,1.3479,0.503641,1.3575,0.504454,1.3479,0.504454,1.3575]}}],"meshes":[{"aabb":{"min":[-239.125,-88.95,-1.75],"max":[239.125,88.95,1.75]},"vertices":0,