{"model":{"version":3,"nodes":[{"name":"RootNode","position":[0,0,0],"rotation":[0,0,0],"scale":[0.01,0.01,0.01],"scaleCompensation":false},{"name":"stand.001","position":[6.10352e-06,22.4664,-5.40956],"rotation":[-90,0,0],"scale":[0.1,0.1,0.1],"scaleCompensation":false},{"name":"BRep_10","position":[0,-53.1747,135.3],"rotation":[90,-0,0],"scale":[1,1,1],"scaleCompensation":false}],"parents":[-1,0,1],"skins":[],"morphs":[],"vertices":[{"position":{"type":"float32","components":3,"data":[-741,89.3,-199.849,741,89.3,-199.849,741,85.5,-199.849,-741,85.5,-199.849,-741.138,89.3,-199.834,-741.138,85.5,-199.834,-741.264,89.3,-199.788,-741.264,85.5,-199.788,-741.375,89.3,-199.717,-741.375,85.5,-199.717,-741.468,89.3,-199.625,-741.468,85.5,-199.625,-741.539,89.3,-199.513,-741.539,85.5,-199.513,-741.584,89.3,-199.387,-741.584,85.5,-199.387,-741.6,89.3,-199.249,-741.6,85.5,-199.249,-741.6,89.3,-94.8494,-741.6,89.3,-199.249,-741.6,85.5,-199.249,-741.6,85.5,-94.8494,-741.494,89.3,-93.9328,-741.6,89.3,-94.8494,-741.6,85.5,-94.8494,-741.494,85.5,-93.9328,-741.193,89.3,-93.0912,-741.193,85.5,-93.0912,-740.721,89.3,-92.3484,-740.721,85.5,-92.3484,-740.101,89.3,-91.7288,-740.101,85.5,-91.7288,-739.358,89.3,-91.2563,-739.358,85.5,-91.2563,-738.517,89.3,-90.9551,-738.517,85.5,-90.9551,-737.6,89.3,-90.8494,-737.6,85.5,-90.8494,737.6,89.3,-90.8494,737.6,85.5,-90.8494,738.516,89.3,-90.9551,738.516,85.5,-90.9551,739.358,89.3,-91.2563,739.358,85.5,-91.2563,740.101,89.3,-91.7288,740.101,85.5,-91.7288,740.721,89.3,-92.3484,740.721,85.5,-92.3484,741.193,89.3,-93.0912,741.193,85.5,-93.0912,741.494,89.3,-93.9328,741.494,85.5,-93.9328,741.6,89.3,-94.8494,741.6,85.5,-94.8494,741.6,89.3,-199.249,741.6,89.3,-94.8494,741.6,85.5,-94.8494,741.6,85.5,-199.249,741.584,89.3,-199.387,741.6,89.3,-199.249,741.6,85.5,-199.249,741.584,85.5,-199.387,741.539,89.3,-199.513,741.539,85.5,-199.513,741.468,89.3,-199.625,741.468,85.5,-199.625,741.375,89.3,-199.717,741.375,85.5,-199.717,741.264,89.3,-199.788,741.264,85.5,-199.788,741.137,89.3,-199.834,741.137,85.5,-199.834,-741.468,85.5,-199.625,-741.375,85.5,-199.717,-741.264,85.5,-199.788,-741.539,85.5,-199.513,-741.138,85.5,-199.834,-741.584,85.5,-199.387,-741,85.5,-199.849,-741.6,85.5,-199.249,-741.6,85.5,-94.8494,-741.494,85.5,-93.9328,-741.193,85.5,-93.0912,-740.721,85.5,-92.3484,-740.101,85.5,-91.7288,-739.358,85.5,-91.2563,-738.517,85.5,-90.9551,-737.6,85.5,-90.8494,737.6,85.5,-90.8494,738.516,85.5,-90.9551,739.358,85.5,-91.2563,740.101,85.5,-91.7288,740.721,85.5,-92.3484,741.193,85.5,-93.0912,741.494,85.5,-93.9328,741.6,85.5,-94.8494,741,85.5,-199.849,741.6,85.5,-199.249,741.137,85.5,-199.834,741.264,85.5,-199.788,741.375,85.5,-199.717,741.468,85.5,-199.625,741.539,85.5,-199.513,741.584,85.5,-199.387,741.6,89.3,-199.249,741.584,89.3,-199.387,741.539,89.3,-199.513,741.468,89.3,-199.625,741.375,89.3,-199.717,741.264,89.3,-199.788,741.137,89.3,-199.834,741,89.3,-199.849,-741.264,89.3,-199.788,-741.375,89.3,-199.717,-741.468,89.3,-199.625,-741.539,89.3,-199.513,-741.138,89.3,-199.834,-741.584,89.3,-199.387,-741,89.3,-199.849,-741.6,89.3,-199.249,-741.6,89.3,-94.8494,-741.494,89.3,-93.9328,-741.193,89.3,-93.0912,-740.721,89.3,-92.3484,-740.101,89.3,-91.7288,-739.358,89.3,-91.2563,-738.517,89.3,-90.9551,-737.6,89.3,-90.8494,737.6,89.3,-90.8494,738.516,89.3,-90.9551,739.358,89.3,-91.2563,740.101,89.3,-91.7288,740.721,89.3,-92.3484,741.193,89.3,-93.0912,741.494,89.3,-93.9328,741.6,89.3,-94.8494]},"normal":{"type":"float32","components":3,"data":[-0.057389,0,-0.998352,0.0574151,0,-0.99835,0.0574143,0,-0.998351,-0.05739,0,-0.998352,-0.227163,0,-0.973857,-0.227162,0,-0.973857,-0.439707,0,-0.898141,-0.439616,0,-0.898186,-0.626004,0,-0.77982,-0.625925,0,-0.779883,-0.780063,0,-0.625702,-0.780143,0,-0.625601,-0.898127,0,-0.439736,-0.898184,0,-0.439621,-0.973839,0,-0.227239,-0.973836,0,-0.227252,-0.99835,0,-0.0574248,-0.998349,0,-0.0574377,-0.998352,0,0.0573833,-0.99835,0,-0.0574248,-0.998349,0,-0.0574377,-0.998352,0,0.057385,-0.973853,0,0.227181,-0.998352,0,0.0573833,-0.998352,0,0.057385,-0.973853,0,0.227181,-0.898214,0,0.439558,-0.898216,0,0.439555,-0.780063,0,0.625701,-0.780065,0,0.625699,-0.625648,0,0.780106,-0.625655,0,0.7801,-0.439547,0,0.89822,-0.439549,0,0.898219,-0.227278,0,0.97383,-0.227258,0,0.973835,-0.0574096,0,0.998351,-0.0573944,0,0.998352,0.0573944,0,0.998352,0.0574023,0,0.998351,0.227222,0,0.973843,0.22723,0,0.973841,0.439514,0,0.898235,0.439516,0,0.898235,0.625654,0,0.780101,0.62566,0,0.780095,0.780119,0,0.625631,0.780123,0,0.625626,0.898211,0,0.439564,0.898212,0,0.439563,0.97383,0,0.227276,0.973831,0,0.227275,0.998352,0,0.0573851,0.998352,0,0.0573843,0.998374,0,-0.0570001,0.998352,0,0.0573851,0.998352,0,0.0573843,0.998376,0,-0.0569746,0.973878,0,-0.227074,0.998374,0,-0.0570001,0.998376,0,-0.0569746,0.973893,0,-0.227009,0.898071,0,-0.43985,0.898033,0,-0.439928,0.779936,0,-0.625859,0.779858,0,-0.625957,0.625572,0,-0.780167,0.625572,0,-0.780167,0.439673,0,-0.898158,0.439573,0,-0.898207,0.227369,0,-0.973809,0.227262,0,-0.973834,0,-1,1.89778e-05,-1.81462e-08,-1,2.67023e-05,0,-1,9.80787e-05,0,-1,-0.000183657,0,-1,-2.81083e-05,0,-1,-3.3359e-05,5.37676e-08,-1,-6.23574e-06,1.70653e-07,-1,1.89609e-07,-1.79832e-06,-1,4.60745e-10,-6.45664e-07,-1,2.26426e-07,-3.66796e-07,-1,2.93846e-07,-2.37121e-07,-1,3.36225e-07,-1.56133e-07,-1,3.72026e-07,-9.60138e-08,-1,1.29457e-07,-4.56161e-08,-1,3.59625e-07,-1.14435e-08,-1,4.18397e-07,9.21418e-09,-1,5.96145e-09,1.2611e-08,-1,0,1.37151e-08,-1,-1.71692e-05,1.42847e-08,-1,-4.38186e-06,1.46592e-08,-1,-9.5881e-06,1.49475e-08,-1,-5.00394e-06,1.51974e-08,-1,0,7.30895e-09,-1,9.9611e-08,-5.64763e-08,-1,-5.62057e-06,-1.70621e-07,-1,-3.29327e-06,0,-1,-2.80304e-05,0,-1,-2.25159e-05,0,-1,3.68083e-05,0,-1,-7.78473e-05,0,-1,0,0,-1,0,1.13745e-07,1,8.51128e-06,0,1,0.00022482,0,1,8.5821e-05,0,1,-7.15823e-05,0,1,-9.76052e-06,0,1,3.05675e-05,0,1,-1.42225e-05,3.76502e-08,1,-5.92389e-06,0,1,-0.000164828,0,1,0,0,1,-0.000164812,0,1,0.000120826,1.40062e-08,1,0.000203372,0,1,1.04806e-05,-3.58486e-08,1,-2.60995e-05,-1.13779e-07,1,-2.2659e-06,1.19825e-06,1,-3.27148e-07,4.30479e-07,1,-1.34369e-08,2.4452e-07,1,-2.65883e-07,1.58086e-07,1,-1.50878e-07,1.04094e-07,1,-3.10987e-07,6.40121e-08,1,-2.40455e-07,3.04121e-08,1,-6.94133e-08,7.6292e-09,1,0,-6.14338e-09,1,-4.18299e-05,-8.4074e-09,1,1.41773e-05,-9.14338e-09,1,2.87441e-05,-9.52312e-09,1,-8.35639e-07,-9.77279e-09,1,-1.46894e-06,-9.96501e-09,1,3.54954e-06,-1.01315e-08,1,-1.45056e-07,-4.87258e-09,1,-2.05865e-06]},"texCoord0":{"type":"float32","components":2,